<?xml version="1.0" encoding="utf-8"?>
<Document Version="11.1.2" OS="Win" DocGuid="{e47a7e93-8ef7-47ac-aec0-26be17947133}">
    <DocConfig>
        <Solution V="501"/>
        <SolMask V="0"/>
        <UpdatePageName V="FALSE"/>
        <ShowGrid V="TRUE"/>
        <ShowRuler V="TRUE"/>
        <ShowGuideline V="TRUE"/>
        <ShowPageBreak V="TRUE"/>
        <OrgAutoLayout V="TRUE"/>
        <mmAutoLayout V="TRUE"/>
        <mmLockCon V="TRUE"/>
        <IgnoreDefCntStyle V="FALSE"/>
        <IgnoreDefFont V="FALSE"/>
    </DocConfig>
    <Stencils>
        <Stencil Path="373"/>
        <Stencil Path="14"/>
        <Stencil Path="4"/>
    </Stencils>
    <ActivePageIndex V="0"/>
    <Pages V="1"/>
    <Dpi V="2"/>
    <ScreenWidth V="2880"/>
    <ScreenHeight V="1800"/>
    <Platform V="desk"/>
    <CreatedDate V="2021-10-24 11:34:47"/>
    <Creator V="user"/>
    <ModifiedDate V="2021-10-24 13:30:39"/>
    <Modifier V="user"/>
</Document>
