<?xml version="1.0" encoding="utf-8"?>
<Themes>
    <Theme Name="Общее" ID="36">
        <ThemeColor Name="посев" ID="34" Shadow="#21000000">
            <ColorScheme Accent2="#ff4c85d9" Accent4="#ff00aeee" Accent5="#ffffbf28" Accent7="#fffd8851" Accent6="#ff8acf57" Accent8="#ffe54648" Accent1="#ff42c181" Accent3="#ff999999"/>
            <ColorScheme Accent2="#ffa062e7" Accent4="#ff89d948" Accent5="#ff33c6d6" Accent7="#ff7b8bf1" Accent6="#ffea4e7f" Accent8="#fff56769" Accent1="#ff4268e2" Accent3="#ffdf44bb"/>
        </ThemeColor>
        <ThemeEffect Name="new Theme1" ID="36">
            <ShapeFormat QuickMask="-1">
                <FillFormat Type="Solid">
                    <Color V="#ffffffff" ThemeColor="1"/>
                </FillFormat>
                <LineFormat>
                    <LineWeight V="1.66667"/>
                    <LineCap V="Flat"/>
                    <LinePattern ID="1"/>
                    <BeginArrow ID="0" Size="4"/>
                    <EndArrow ID="0" Size="4"/>
                    <LineFill Type="Solid">
                        <Color V="#ff6f6f6f" Ref="#999999" ThemeColor="5" Shade="50"/>
                    </LineFill>
                </LineFormat>
                <EffectFormat>
                    <Shadow Mode="0"/>
                </EffectFormat>
            </ShapeFormat>
            <ShapeFormat QuickMask="-1">
                <FillFormat Type="Solid">
                    <Color V="#ffefefef" Ref="#999999" Tint="80" ThemeColor="5"/>
                </FillFormat>
                <LineFormat>
                    <LineWeight V="1"/>
                    <LineCap V="Flat"/>
                    <LinePattern ID="1"/>
                    <BeginArrow ID="0" Size="4"/>
                    <EndArrow ID="0" Size="4"/>
                    <LineFill Type="Solid">
                        <Color V="#ff999999" ThemeColor="5"/>
                    </LineFill>
                </LineFormat>
                <EffectFormat>
                    <Shadow Mode="0"/>
                </EffectFormat>
            </ShapeFormat>
            <ShapeFormat QuickMask="-1">
                <FillFormat Type="Solid">
                    <Color V="#ffefefef" Ref="#999999" Tint="80" ThemeColor="5"/>
                </FillFormat>
                <LineFormat>
                    <LineWeight V="3"/>
                    <LineCap V="Flat"/>
                    <LinePattern ID="1"/>
                    <BeginArrow ID="0" Size="4"/>
                    <EndArrow ID="0" Size="4"/>
                    <LineFill Type="Solid">
                        <Color V="#ffefefef" Ref="#999999" Tint="80" ThemeColor="5"/>
                    </LineFill>
                </LineFormat>
                <EffectFormat>
                    <Shadow Mode="0"/>
                </EffectFormat>
            </ShapeFormat>
            <ShapeFormat QuickMask="-1">
                <FillFormat Type="Solid">
                    <Color V="#ffffffff"/>
                </FillFormat>
                <LineFormat>
                    <LineWeight V="1"/>
                    <LineCap V="Flat"/>
                    <LinePattern ID="1"/>
                    <BeginArrow ID="0" Size="4"/>
                    <EndArrow ID="0" Size="4"/>
                    <LineFill Type="Solid">
                        <Color V="#ff323232" Ref="#999999" ThemeColor="5" Shade="90"/>
                    </LineFill>
                </LineFormat>
                <EffectFormat>
                    <Shadow Mode="0"/>
                </EffectFormat>
            </ShapeFormat>
            <ShapeFormat QuickMask="-1">
                <FillFormat Type="Solid">
                    <Color V="#ffdedede" Ref="#999999" Tint="60" ThemeColor="5"/>
                </FillFormat>
                <LineFormat>
                    <LineWeight V="2.33333"/>
                    <LineCap V="Flat"/>
                    <LinePattern ID="1"/>
                    <BeginArrow ID="0" Size="4"/>
                    <EndArrow ID="0" Size="4"/>
                    <LineFill Type="Solid">
                        <Color V="#ff575757" Ref="#999999" ThemeColor="5" Shade="70"/>
                    </LineFill>
                </LineFormat>
                <EffectFormat>
                    <Shadow Mode="0"/>
                </EffectFormat>
            </ShapeFormat>
            <ShapeFormat QuickMask="-1">
                <FillFormat Type="Solid">
                    <Color V="#ff474747" Ref="#999999" ThemeColor="5" Shade="80"/>
                </FillFormat>
                <LineFormat>
                    <LineWeight V="1"/>
                    <LineCap V="Flat"/>
                    <LinePattern ID="1"/>
                    <BeginArrow ID="0" Size="4"/>
                    <EndArrow ID="0" Size="4"/>
                    <LineFill Type="Solid">
                        <Color V="#ff474747" Ref="#999999" ThemeColor="5" Shade="80"/>
                    </LineFill>
                </LineFormat>
                <EffectFormat>
                    <Shadow Mode="0"/>
                </EffectFormat>
            </ShapeFormat>
            <FontColor>
                <Color V="#ff191919"/>
                <Color V="#ff191919"/>
                <Color V="#ff191919"/>
                <Color V="#ff191919"/>
                <Color V="#ff191919"/>
                <Color V="#ffffffff"/>
                <Color V="#ff191919"/>
                <Color V="#ff191919"/>
            </FontColor>
        </ThemeEffect>
        <ThemeConnector Name="Универсальный стрела 1" ID="54">
            <ConnectorScheme>
                <LineFormat>
                    <LineWeight V="1"/>
                    <LineCap V="Flat"/>
                    <LinePattern ID="1"/>
                    <BeginArrow ID="0" Size="4"/>
                    <EndArrow ID="4" Size="3"/>
                    <LineFill Type="Solid">
                        <Color V="#ff191919" Ref="#000" Tint="1" ThemeColor="2"/>
                    </LineFill>
                </LineFormat>
                <EffectFormat>
                    <Shadow Mode="0"/>
                </EffectFormat>
            </ConnectorScheme>
        </ThemeConnector>
        <ThemeText Name="Arial" ID="3" VAlign="Center" TextFormatMask="0">
            <Color V="#ff000000"/>
            <Character Color="#ffffff" Size="12" IX="0" Family="Arial"/>
            <Paragraph IndRight="0" Align="4" SpLine="100" IndFirst="0" IX="0" IndLeft="0"/>
            <FontSchemeLst>
                <FontScheme FontSize="12" Flag="0" FontName="Arial">
                    <Color V="#ff000000"/>
                </FontScheme>
                <FontScheme FontSize="12" Flag="0" FontName="Arial">
                    <Color V="#ff000000"/>
                </FontScheme>
                <FontScheme FontSize="12" Flag="0" FontName="Arial">
                    <Color V="#ff000000"/>
                </FontScheme>
                <FontScheme FontSize="12" Flag="0" FontName="Arial">
                    <Color V="#ff000000"/>
                </FontScheme>
                <FontScheme FontSize="12" Flag="0" FontName="Arial">
                    <Color V="#ff000000"/>
                </FontScheme>
                <FontScheme FontSize="12" Flag="1" FontName="Arial">
                    <Color V="#ff000000"/>
                </FontScheme>
                <FontScheme FontSize="12" Flag="0" FontName="Arial">
                    <Color V="#ff000000"/>
                </FontScheme>
                <FontScheme FontSize="12" Flag="0" FontName="Arial">
                    <Color V="#ff000000"/>
                </FontScheme>
            </FontSchemeLst>
        </ThemeText>
    </Theme>
</Themes>
